City Name,Date/Time (UTC),AQI,CO,NO,NO2,O3,SO2,PM2.5,PM10,NH3
New York,2026-07-01 00:00:00+00:00,2,102.79,0.02,2.41,80.79,0.91,3.66,6.06,0.25
New York,2026-07-01 01:00:00+00:00,2,101.57,0.0,2.36,77.13,0.87,3.63,6.39,0.3
New York,2026-07-01 02:00:00+00:00,2,101.92,0.0,2.37,75.28,0.85,3.7,6.81,0.4
New York,2026-07-01 03:00:00+00:00,2,103.17,0.0,2.5,73.49,0.85,3.83,7.32,0.6
New York,2026-07-01 04:00:00+00:00,2,103.2,0.0,2.46,71.5,0.82,3.94,7.84,0.82
New York,2026-07-01 05:00:00+00:00,2,102.62,0.0,2.25,70.15,0.79,4.03,8.3,1.05
New York,2026-07-01 06:00:00+00:00,2,101.41,0.0,2.07,68.88,0.77,4.07,8.57,1.27
New York,2026-07-01 07:00:00+00:00,2,99.84,0.0,1.96,67.6,0.76,3.99,8.56,1.43
New York,2026-07-01 08:00:00+00:00,2,98.27,0.0,1.88,66.25,0.75,3.85,8.42,1.44
New York,2026-07-01 09:00:00+00:00,2,96.78,0.0,1.85,64.96,0.77,3.71,8.22,1.32
New York,2026-07-01 10:00:00+00:00,2,95.67,0.0,1.93,63.58,0.82,3.55,7.99,1.17
New York,2026-07-01 11:00:00+00:00,2,96.3,0.05,2.35,62.02,0.93,3.45,7.88,1.08
New York,2026-07-01 12:00:00+00:00,2,99.32,0.33,2.76,61.92,1.09,3.47,8.02,1.04
New York,2026-07-01 13:00:00+00:00,2,101.33,0.56,2.69,67.53,1.31,3.73,8.58,0.99
New York,2026-07-01 14:00:00+00:00,2,102.41,0.57,2.38,73.4,1.46,4.23,9.4,1.03
New York,2026-07-01 15:00:00+00:00,2,104.19,0.41,1.89,83.05,1.6,5.31,10.77,1.06
New York,2026-07-01 16:00:00+00:00,2,109.04,0.26,1.42,96.09,1.73,7.03,12.43,0.88
New York,2026-07-01 17:00:00+00:00,3,110.6,0.19,1.21,103.33,1.72,8.12,13.43,0.8
New York,2026-07-01 18:00:00+00:00,3,110.4,0.17,1.15,106.94,1.65,8.61,14.02,0.8
New York,2026-07-01 19:00:00+00:00,3,110.3,0.15,1.13,106.85,1.49,8.42,13.66,0.68
New York,2026-07-01 20:00:00+00:00,3,109.35,0.15,1.2,104.25,1.34,7.84,13.08,0.58
New York,2026-07-01 21:00:00+00:00,3,109.0,0.16,1.43,101.72,1.24,7.41,12.85,0.54
New York,2026-07-01 22:00:00+00:00,2,110.22,0.18,1.91,98.3,1.22,7.18,12.93,0.54
New York,2026-07-01 23:00:00+00:00,2,112.15,0.16,2.44,94.03,1.21,7.01,13.12,0.58
New York,2026-07-02 00:00:00+00:00,2,112.69,0.05,2.8,89.49,1.16,6.71,12.98,0.65
New York,2026-07-02 01:00:00+00:00,2,110.21,0.0,2.7,83.65,1.07,6.14,12.42,0.74
New York,2026-07-02 02:00:00+00:00,2,109.31,0.0,2.62,78.93,1.02,5.68,11.93,0.87
New York,2026-07-02 03:00:00+00:00,2,109.29,0.0,2.73,75.2,1.01,5.35,11.43,1.05
New York,2026-07-02 04:00:00+00:00,2,108.94,0.0,2.71,72.31,1.02,5.05,10.98,1.25
New York,2026-07-02 05:00:00+00:00,2,107.92,0.0,2.53,70.8,1.03,4.82,10.69,1.45
New York,2026-07-02 06:00:00+00:00,2,107.43,0.0,2.38,69.59,1.07,4.67,10.53,1.63
New York,2026-07-02 07:00:00+00:00,2,107.33,0.0,2.36,67.74,1.15,4.62,10.4,1.71
New York,2026-07-02 08:00:00+00:00,2,108.34,0.0,2.47,64.8,1.23,4.66,10.27,1.62
New York,2026-07-02 09:00:00+00:00,2,110.41,0.0,2.75,61.24,1.34,4.82,10.19,1.42
New York,2026-07-02 10:00:00+00:00,1,113.95,0.0,3.28,56.74,1.49,5.09,10.36,1.26
New York,2026-07-02 11:00:00+00:00,1,120.33,0.13,4.29,51.72,1.7,5.5,10.79,1.25
New York,2026-07-02 12:00:00+00:00,1,129.78,0.8,5.0,49.0,1.95,6.05,11.35,1.29
New York,2026-07-02 13:00:00+00:00,1,138.89,1.36,5.21,52.25,2.26,6.89,12.17,1.35
New York,2026-07-02 14:00:00+00:00,2,145.67,1.24,5.01,64.6,2.58,8.47,13.65,1.37
New York,2026-07-02 15:00:00+00:00,2,152.18,0.76,4.24,87.53,2.98,11.93,16.87,1.28
New York,2026-07-02 16:00:00+00:00,3,132.41,0.25,1.84,108.32,2.28,11.53,14.43,0.51
New York,2026-07-02 17:00:00+00:00,3,120.5,0.16,1.19,108.37,1.61,9.81,12.02,0.35
New York,2026-07-02 18:00:00+00:00,3,117.24,0.15,1.1,110.77,1.48,9.79,11.94,0.33
New York,2026-07-02 19:00:00+00:00,3,115.79,0.14,1.1,114.14,1.42,9.91,12.12,0.33
New York,2026-07-02 20:00:00+00:00,3,114.25,0.12,1.16,115.55,1.38,9.95,12.27,0.37
New York,2026-07-02 21:00:00+00:00,3,114.08,0.12,1.33,116.37,1.37,10.0,12.53,0.44
New York,2026-07-02 22:00:00+00:00,3,118.67,0.15,2.04,113.58,1.49,10.73,13.82,0.63
New York,2026-07-02 23:00:00+00:00,3,126.26,0.16,3.0,109.48,1.65,11.83,15.7,0.85
New York,2026-07-03 00:00:00+00:00,3,130.8,0.06,3.72,105.5,1.73,12.44,16.94,1.03
New York,2026-07-03 01:00:00+00:00,2,130.97,0.0,3.82,99.74,1.72,12.46,17.32,1.19
New York,2026-07-03 02:00:00+00:00,2,132.14,0.0,3.9,94.06,1.79,12.63,17.5,1.43
New York,2026-07-03 03:00:00+00:00,2,133.85,0.0,4.18,88.67,1.96,13.14,17.81,1.69
New York,2026-07-03 04:00:00+00:00,2,134.59,0.0,4.23,84.46,2.18,13.95,18.47,1.86
New York,2026-07-03 05:00:00+00:00,2,136.3,0.0,4.02,82.74,2.44,15.05,19.65,1.93
New York,2026-07-03 06:00:00+00:00,2,139.93,0.0,3.93,81.99,2.74,16.13,20.86,1.83
New York,2026-07-03 07:00:00+00:00,2,145.51,0.0,4.16,78.46,2.92,16.96,21.61,1.56
New York,2026-07-03 08:00:00+00:00,2,151.27,0.0,4.61,70.85,2.87,17.53,21.91,1.27
New York,2026-07-03 09:00:00+00:00,2,156.16,0.0,5.31,62.37,2.81,17.72,21.66,1.09
New York,2026-07-03 10:00:00+00:00,2,157.8,0.0,6.22,54.41,2.87,17.33,20.7,1.08
New York,2026-07-03 11:00:00+00:00,2,158.63,0.19,7.76,50.07,3.2,16.52,19.38,1.28
New York,2026-07-03 12:00:00+00:00,2,159.1,1.09,8.57,53.99,3.8,15.71,18.18,1.43
New York,2026-07-03 13:00:00+00:00,2,155.87,1.53,7.94,67.7,4.37,15.39,17.61,1.33
New York,2026-07-03 14:00:00+00:00,2,153.47,1.25,6.5,85.59,4.26,16.01,18.07,1.12
New York,2026-07-03 15:00:00+00:00,3,152.64,0.7,4.54,111.04,4.1,18.43,20.39,0.93
New York,2026-07-03 16:00:00+00:00,3,125.87,0.24,1.77,122.09,2.39,13.58,14.88,0.35
New York,2026-07-03 17:00:00+00:00,3,113.6,0.16,1.12,117.99,1.61,10.19,11.16,0.24
New York,2026-07-03 18:00:00+00:00,3,110.35,0.14,1.03,117.72,1.43,9.33,10.2,0.26
New York,2026-07-03 19:00:00+00:00,3,109.0,0.14,1.03,118.19,1.37,8.78,9.6,0.29
New York,2026-07-03 20:00:00+00:00,3,107.4,0.13,1.12,117.93,1.31,8.29,9.07,0.33
New York,2026-07-03 21:00:00+00:00,3,106.75,0.14,1.3,117.25,1.27,7.89,8.66,0.39
New York,2026-07-03 22:00:00+00:00,3,114.16,0.18,2.12,117.89,1.44,9.11,10.11,0.57
New York,2026-07-03 23:00:00+00:00,3,124.91,0.18,3.33,116.88,1.7,11.14,12.57,0.82
New York,2026-07-04 00:00:00+00:00,3,130.43,0.07,4.42,112.39,1.85,11.99,13.74,1.01
New York,2026-07-04 01:00:00+00:00,3,132.9,0.0,5.25,101.31,1.84,11.96,13.83,1.08
New York,2026-07-04 02:00:00+00:00,2,138.72,0.0,6.31,87.76,1.75,11.44,13.17,1.07
New York,2026-07-04 03:00:00+00:00,2,142.49,0.0,7.51,74.83,1.67,9.99,11.31,0.8
New York,2026-07-04 04:00:00+00:00,1,141.29,0.0,8.22,59.31,1.38,8.23,9.21,0.4
New York,2026-07-04 05:00:00+00:00,1,139.66,0.0,8.08,46.06,1.09,7.29,8.14,0.24
New York,2026-07-04 06:00:00+00:00,1,136.97,0.0,7.48,36.92,0.94,6.64,7.42,0.18
New York,2026-07-04 07:00:00+00:00,1,134.4,0.0,7.01,29.97,0.86,6.2,6.96,0.16
New York,2026-07-04 08:00:00+00:00,1,132.48,0.0,6.65,24.81,0.79,5.96,6.72,0.14
New York,2026-07-04 09:00:00+00:00,1,131.28,0.0,6.39,21.09,0.75,5.85,6.64,0.14
New York,2026-07-04 10:00:00+00:00,1,131.31,0.01,6.45,18.55,0.78,5.76,6.59,0.16
New York,2026-07-04 11:00:00+00:00,1,138.22,0.63,6.74,17.97,0.97,5.81,6.74,0.27
New York,2026-07-04 12:00:00+00:00,1,151.94,2.45,6.58,22.94,1.41,6.14,7.23,0.47
New York,2026-07-04 13:00:00+00:00,1,159.3,2.2,6.8,43.69,2.99,6.82,8.06,0.85
New York,2026-07-04 14:00:00+00:00,2,164.67,1.74,6.18,60.67,3.29,8.34,9.66,0.91
New York,2026-07-04 15:00:00+00:00,2,170.64,0.99,4.95,87.03,3.54,12.19,13.58,0.93
New York,2026-07-04 16:00:00+00:00,3,127.72,0.24,1.58,110.87,2.22,6.65,7.17,0.36
New York,2026-07-04 17:00:00+00:00,3,112.57,0.14,0.95,109.25,1.27,4.63,4.97,0.23
New York,2026-07-04 18:00:00+00:00,3,108.53,0.13,0.88,110.93,1.14,4.66,5.02,0.24
New York,2026-07-04 19:00:00+00:00,3,107.57,0.12,0.89,113.05,1.13,4.92,5.32,0.25
New York,2026-07-04 20:00:00+00:00,3,107.15,0.11,0.96,113.82,1.14,5.16,5.6,0.29
New York,2026-07-04 21:00:00+00:00,3,108.25,0.11,1.11,113.93,1.15,5.37,5.85,0.36
New York,2026-07-04 22:00:00+00:00,3,115.75,0.13,1.71,114.66,1.37,6.77,7.41,0.55
New York,2026-07-04 23:00:00+00:00,3,125.78,0.14,2.63,114.12,1.64,8.75,9.61,0.8
New York,2026-07-05 00:00:00+00:00,3,132.23,0.06,3.56,111.71,1.84,9.76,10.77,1.02
New York,2026-07-05 01:00:00+00:00,3,132.67,0.0,3.93,105.83,2.3,9.5,10.41,1.11
New York,2026-07-05 02:00:00+00:00,3,134.42,0.0,4.2,101.4,3.09,9.16,9.75,0.94
New York,2026-07-05 03:00:00+00:00,2,138.48,0.0,4.82,97.78,3.58,9.6,9.96,0.48
New York,2026-07-05 04:00:00+00:00,2,138.94,0.0,5.25,88.94,3.07,9.87,10.1,0.19
New York,2026-07-05 05:00:00+00:00,2,141.1,0.0,5.31,79.51,2.51,9.92,10.11,0.09
New York,2026-07-05 06:00:00+00:00,2,141.66,0.0,5.04,70.62,2.04,9.34,9.5,0.05
New York,2026-07-05 07:00:00+00:00,2,139.78,0.0,4.6,60.25,1.51,8.5,8.65,0.03
New York,2026-07-05 08:00:00+00:00,1,137.04,0.0,4.1,49.62,1.1,7.95,8.12,0.02
New York,2026-07-05 09:00:00+00:00,1,134.47,0.0,3.7,42.36,0.84,7.63,7.91,0.02
New York,2026-07-05 10:00:00+00:00,1,133.05,0.0,3.5,38.05,0.71,7.45,7.92,0.03
New York,2026-07-05 11:00:00+00:00,1,135.44,0.06,3.9,36.02,0.67,7.51,8.18,0.04
New York,2026-07-05 12:00:00+00:00,1,141.56,0.38,4.51,38.72,0.75,7.85,8.75,0.05
New York,2026-07-05 13:00:00+00:00,1,142.79,0.74,3.49,56.56,1.02,8.45,9.59,0.03
New York,2026-07-05 14:00:00+00:00,2,141.61,0.54,2.55,71.51,1.06,9.4,10.81,0.03
New York,2026-07-05 15:00:00+00:00,2,139.92,0.32,1.71,86.33,1.06,10.66,12.43,0.03
New York,2026-07-05 16:00:00+00:00,3,124.22,0.13,0.96,105.42,0.75,9.2,10.26,0.0
New York,2026-07-05 17:00:00+00:00,3,116.63,0.09,0.79,107.24,0.6,8.2,9.2,0.0
New York,2026-07-05 18:00:00+00:00,3,114.31,0.09,0.75,107.25,0.55,8.08,9.3,0.0
New York,2026-07-05 19:00:00+00:00,3,114.39,0.09,0.78,106.57,0.54,8.4,10.11,0.0
New York,2026-07-05 20:00:00+00:00,3,115.74,0.1,0.87,103.4,0.54,9.06,11.73,0.0
New York,2026-07-05 21:00:00+00:00,2,117.45,0.1,1.04,99.7,0.56,9.72,13.59,0.02
New York,2026-07-05 22:00:00+00:00,2,121.24,0.1,1.59,94.61,0.67,10.42,15.37,0.05
New York,2026-07-05 23:00:00+00:00,2,125.84,0.06,2.29,89.52,0.77,11.15,16.73,0.07
New York,2026-07-06 00:00:00+00:00,2,128.8,0.01,2.67,86.33,0.82,11.72,17.49,0.07
New York,2026-07-06 01:00:00+00:00,2,128.93,0.0,2.54,83.76,0.81,12.08,18.31,0.05
New York,2026-07-06 02:00:00+00:00,2,128.77,0.0,2.22,82.74,0.78,12.12,18.75,0.03
New York,2026-07-06 03:00:00+00:00,2,126.56,0.0,1.9,82.11,0.72,11.56,17.98,0.02
New York,2026-07-06 04:00:00+00:00,2,121.92,0.0,1.6,79.94,0.66,10.62,16.79,0.0
New York,2026-07-06 05:00:00+00:00,2,118.68,0.0,1.51,75.49,0.65,9.97,16.35,0.0
New York,2026-07-06 06:00:00+00:00,2,115.81,0.0,1.47,70.74,0.66,9.56,16.43,0.0
New York,2026-07-06 07:00:00+00:00,2,112.8,0.0,1.48,66.34,0.66,9.22,16.6,0.0
New York,2026-07-06 08:00:00+00:00,2,109.13,0.0,1.51,61.92,0.67,8.68,16.27,0.0
New York,2026-07-06 09:00:00+00:00,1,105.1,0.0,1.59,57.67,0.68,7.83,15.35,0.0
New York,2026-07-06 10:00:00+00:00,1,102.09,0.0,1.75,52.79,0.7,6.84,14.11,0.0
New York,2026-07-06 11:00:00+00:00,1,102.48,0.0,2.51,46.17,0.72,6.06,13.37,0.01
New York,2026-07-06 12:00:00+00:00,1,108.1,0.05,4.12,39.69,0.76,5.5,12.94,0.05
New York,2026-07-06 13:00:00+00:00,1,113.78,0.22,5.13,35.24,0.85,4.89,11.32,0.08
New York,2026-07-06 14:00:00+00:00,1,115.07,0.54,4.78,33.03,0.89,4.4,9.55,0.08
New York,2026-07-06 15:00:00+00:00,1,114.76,0.7,4.23,33.15,0.93,4.11,8.61,0.07
New York,2026-07-06 16:00:00+00:00,1,113.98,0.54,3.78,36.26,0.93,3.91,8.03,0.07
New York,2026-07-06 17:00:00+00:00,1,117.15,0.45,3.9,37.31,0.92,3.87,7.77,0.08
New York,2026-07-06 18:00:00+00:00,1,121.73,0.31,4.47,37.57,0.94,3.91,7.53,0.09
New York,2026-07-06 19:00:00+00:00,1,126.72,0.23,5.1,38.15,0.98,3.86,6.99,0.1
New York,2026-07-06 20:00:00+00:00,1,131.41,0.25,5.42,39.39,0.99,3.84,6.52,0.09
New York,2026-07-06 21:00:00+00:00,1,136.45,0.3,5.86,40.17,0.98,3.89,6.25,0.09
New York,2026-07-06 22:00:00+00:00,1,143.49,0.35,6.84,33.54,0.97,4.03,6.19,0.08
New York,2026-07-06 23:00:00+00:00,1,150.22,0.25,7.9,25.39,0.98,4.19,6.18,0.08
New York,2026-07-07 00:00:00+00:00,1,152.7,0.08,8.57,21.24,1.0,4.28,6.05,0.08
New York,2026-07-07 01:00:00+00:00,1,148.13,0.0,8.51,22.11,1.01,4.34,6.02,0.07
New York,2026-07-07 02:00:00+00:00,1,142.72,0.0,7.95,24.91,0.92,4.33,6.2,0.04
New York,2026-07-07 03:00:00+00:00,1,137.47,0.0,7.33,28.5,0.83,4.19,6.3,0.03
New York,2026-07-07 04:00:00+00:00,1,128.13,0.0,5.83,37.22,0.77,3.92,6.61,0.02
New York,2026-07-07 05:00:00+00:00,1,120.98,0.0,4.57,39.52,0.7,3.7,6.84,0.02
New York,2026-07-07 06:00:00+00:00,1,114.91,0.0,3.63,39.73,0.66,3.59,7.02,0.02
New York,2026-07-07 07:00:00+00:00,1,111.05,0.0,3.13,38.79,0.65,3.59,7.14,0.02
New York,2026-07-07 08:00:00+00:00,1,109.33,0.0,3.04,36.69,0.67,3.64,7.05,0.02
New York,2026-07-07 09:00:00+00:00,1,109.57,0.0,3.36,34.0,0.73,3.76,6.91,0.02
New York,2026-07-07 10:00:00+00:00,1,113.17,0.0,4.3,31.23,0.89,3.97,6.95,0.02
New York,2026-07-07 11:00:00+00:00,1,121.84,0.03,6.26,28.85,1.14,4.31,7.32,0.03
New York,2026-07-07 12:00:00+00:00,1,135.09,0.23,9.0,26.91,1.47,4.72,7.85,0.05
New York,2026-07-07 13:00:00+00:00,1,145.53,0.58,11.25,28.48,1.93,5.07,8.23,0.05
New York,2026-07-07 14:00:00+00:00,1,154.12,1.23,12.95,27.42,2.28,5.28,8.24,0.07
New York,2026-07-07 15:00:00+00:00,1,162.13,2.01,14.36,26.34,2.62,5.36,8.08,0.08
New York,2026-07-07 16:00:00+00:00,1,152.36,1.44,12.85,36.46,2.21,4.26,6.16,0.06
New York,2026-07-07 17:00:00+00:00,1,151.17,1.42,13.14,39.98,2.12,3.7,5.19,0.06
New York,2026-07-07 18:00:00+00:00,1,157.95,1.67,14.38,39.54,2.29,3.57,4.92,0.09
New York,2026-07-07 19:00:00+00:00,1,162.28,1.47,15.08,43.19,2.4,3.54,4.78,0.11
New York,2026-07-07 20:00:00+00:00,1,165.59,1.06,16.08,46.53,2.58,3.81,5.04,0.12
New York,2026-07-07 21:00:00+00:00,1,169.45,0.85,16.54,50.06,2.68,4.21,5.43,0.14
New York,2026-07-07 22:00:00+00:00,1,172.55,0.61,16.75,53.22,2.67,4.73,6.06,0.16
New York,2026-07-07 23:00:00+00:00,1,176.15,0.4,17.41,53.72,2.73,5.19,6.66,0.17
New York,2026-07-08 00:00:00+00:00,1,177.63,0.11,18.35,51.9,2.77,5.33,6.86,0.17
New York,2026-07-08 01:00:00+00:00,1,176.06,0.0,18.37,48.53,2.82,5.14,6.67,0.17
New York,2026-07-08 02:00:00+00:00,1,176.61,0.0,18.32,44.18,2.9,4.82,6.28,0.17
New York,2026-07-08 03:00:00+00:00,1,177.87,0.0,18.52,39.42,2.95,4.54,5.9,0.17
New York,2026-07-08 04:00:00+00:00,1,177.14,0.0,18.26,35.26,2.93,4.28,5.51,0.16
New York,2026-07-08 05:00:00+00:00,1,176.91,0.0,17.98,31.68,2.9,4.12,5.28,0.14
New York,2026-07-08 06:00:00+00:00,1,175.6,0.0,17.81,28.23,2.87,4.0,5.14,0.12
New York,2026-07-08 07:00:00+00:00,1,172.11,0.0,17.5,24.85,2.75,3.88,5.02,0.1
New York,2026-07-08 08:00:00+00:00,1,168.59,0.0,16.77,22.06,2.5,3.8,4.93,0.08
New York,2026-07-08 09:00:00+00:00,1,164.34,0.0,15.94,20.29,2.3,3.71,4.84,0.07
New York,2026-07-08 10:00:00+00:00,1,158.88,0.01,15.18,19.46,2.24,3.58,4.72,0.06
New York,2026-07-08 11:00:00+00:00,1,156.24,0.79,14.24,21.09,2.38,3.47,4.65,0.08
New York,2026-07-08 12:00:00+00:00,1,156.13,2.72,12.06,26.33,2.58,3.41,4.63,0.12
New York,2026-07-08 13:00:00+00:00,1,149.02,2.69,10.97,35.73,2.79,3.12,4.32,0.14
New York,2026-07-08 14:00:00+00:00,1,143.95,2.36,10.06,42.12,2.7,3.03,4.23,0.14
New York,2026-07-08 15:00:00+00:00,1,142.14,1.95,9.52,48.81,2.68,3.24,4.42,0.14
New York,2026-07-08 16:00:00+00:00,2,131.87,1.26,6.19,63.92,2.02,3.07,3.96,0.1
New York,2026-07-08 17:00:00+00:00,2,123.24,0.61,3.23,81.34,1.5,4.02,4.72,0.06
New York,2026-07-08 18:00:00+00:00,2,121.83,0.31,1.89,95.62,1.36,5.96,6.64,0.04
New York,2026-07-08 19:00:00+00:00,3,122.57,0.21,1.52,103.92,1.28,7.38,8.05,0.03
New York,2026-07-08 20:00:00+00:00,3,122.08,0.18,1.53,104.42,1.13,7.68,8.36,0.03
New York,2026-07-08 21:00:00+00:00,3,121.69,0.17,1.72,101.49,0.99,7.33,8.06,0.04
New York,2026-07-08 22:00:00+00:00,2,122.93,0.21,2.36,95.48,0.96,6.89,7.74,0.06
New York,2026-07-08 23:00:00+00:00,2,125.37,0.22,3.17,88.64,1.01,6.59,7.64,0.1
New York,2026-07-09 00:00:00+00:00,2,126.94,0.09,3.8,82.75,1.03,6.26,7.53,0.11
New York,2026-07-09 01:00:00+00:00,2,125.6,0.0,3.76,77.18,0.99,5.78,7.28,0.09
New York,2026-07-09 02:00:00+00:00,2,124.39,0.0,3.48,72.64,0.94,5.36,7.12,0.07
New York,2026-07-09 03:00:00+00:00,2,123.08,0.0,3.29,69.0,0.89,4.98,7.03,0.06
New York,2026-07-09 04:00:00+00:00,2,120.17,0.0,2.95,65.77,0.85,4.55,6.9,0.07
New York,2026-07-09 05:00:00+00:00,2,117.82,0.0,2.57,62.96,0.85,4.22,6.82,0.11
New York,2026-07-09 06:00:00+00:00,2,116.18,0.0,2.32,60.31,0.87,4.0,6.74,0.15
New York,2026-07-09 07:00:00+00:00,1,115.4,0.0,2.25,57.43,0.91,3.91,6.73,0.2
New York,2026-07-09 08:00:00+00:00,1,115.56,0.0,2.26,54.22,0.92,3.96,6.89,0.24
New York,2026-07-09 09:00:00+00:00,1,116.08,0.0,2.32,51.21,0.91,4.05,7.1,0.26
New York,2026-07-09 10:00:00+00:00,1,117.15,0.0,2.49,48.78,0.91,4.16,7.31,0.28
New York,2026-07-09 11:00:00+00:00,1,120.46,0.06,3.09,47.52,0.96,4.3,7.59,0.34
New York,2026-07-09 12:00:00+00:00,1,126.41,0.3,3.74,49.29,1.05,4.56,7.95,0.45
New York,2026-07-09 13:00:00+00:00,1,130.99,0.41,3.66,57.51,1.12,5.06,8.18,0.51
New York,2026-07-09 14:00:00+00:00,2,132.51,0.45,3.36,61.95,1.08,5.31,8.08,0.49
New York,2026-07-09 15:00:00+00:00,2,132.61,0.4,2.92,67.35,1.05,5.64,8.16,0.48
New York,2026-07-09 16:00:00+00:00,2,137.01,0.27,2.19,80.23,0.92,6.1,7.92,0.42
New York,2026-07-09 17:00:00+00:00,2,138.67,0.21,1.9,85.12,0.82,6.02,7.55,0.36
New York,2026-07-09 18:00:00+00:00,2,138.92,0.2,1.9,86.75,0.78,5.94,7.4,0.31
New York,2026-07-09 19:00:00+00:00,2,139.02,0.19,2.16,86.25,0.87,6.12,7.73,0.29
New York,2026-07-09 20:00:00+00:00,2,137.57,0.17,2.5,84.08,0.93,6.22,7.99,0.29
New York,2026-07-09 21:00:00+00:00,2,136.47,0.12,2.95,81.59,0.89,5.96,7.72,0.26
New York,2026-07-09 22:00:00+00:00,2,136.45,0.11,3.42,78.9,0.82,5.67,7.32,0.23
New York,2026-07-09 23:00:00+00:00,2,138.24,0.09,3.82,76.45,0.8,5.54,6.99,0.19
New York,2026-07-10 00:00:00+00:00,2,140.56,0.03,4.11,74.68,0.8,5.52,6.66,0.17
New York,2026-07-11 01:00:00+00:00,2,192.63,0.0,11.32,64.67,1.34,8.22,8.57,0.11
New York,2026-07-11 02:00:00+00:00,1,198.89,0.0,11.8,46.76,0.97,8.71,9.18,0.11
New York,2026-07-11 03:00:00+00:00,1,204.61,0.02,12.38,33.57,0.8,9.14,9.73,0.12
New York,2026-07-11 04:00:00+00:00,1,208.09,0.03,12.38,24.84,0.72,9.56,10.25,0.11
New York,2026-07-11 05:00:00+00:00,1,207.39,0.02,11.29,19.32,0.66,9.95,10.72,0.08
New York,2026-07-11 06:00:00+00:00,2,206.86,0.01,10.17,15.44,0.63,10.38,11.18,0.07
New York,2026-07-11 07:00:00+00:00,2,207.16,0.02,9.29,12.07,0.59,10.82,11.59,0.06
New York,2026-07-11 08:00:00+00:00,2,208.3,0.04,8.53,9.0,0.51,11.24,11.93,0.06
New York,2026-07-11 09:00:00+00:00,2,209.26,0.09,7.99,6.9,0.47,11.63,12.23,0.06
New York,2026-07-11 10:00:00+00:00,2,212.05,0.23,7.84,5.43,0.47,11.93,12.52,0.06
New York,2026-07-11 11:00:00+00:00,2,221.66,1.07,8.09,4.97,0.53,12.24,12.97,0.09
New York,2026-07-11 12:00:00+00:00,2,237.28,3.3,7.86,7.95,0.7,12.72,13.64,0.13
New York,2026-07-11 13:00:00+00:00,2,244.72,1.55,11.65,21.71,1.96,14.04,15.22,0.17
New York,2026-07-11 14:00:00+00:00,2,247.54,1.37,12.94,22.97,2.1,14.02,15.24,0.15
New York,2026-07-11 15:00:00+00:00,2,252.97,1.57,14.63,23.21,2.12,13.61,14.83,0.17
New York,2026-07-11 16:00:00+00:00,2,245.07,0.84,16.47,42.28,2.96,13.56,14.55,0.04
New York,2026-07-11 17:00:00+00:00,2,252.84,1.0,15.56,49.68,2.48,13.88,14.63,0.03
New York,2026-07-11 18:00:00+00:00,2,261.57,0.95,12.68,62.2,1.91,15.66,16.28,0.03
New York,2026-07-11 19:00:00+00:00,2,256.59,0.7,8.51,79.62,1.39,18.31,18.88,0.03
New York,2026-07-11 20:00:00+00:00,2,245.71,0.42,6.15,91.41,1.11,19.57,20.21,0.03
New York,2026-07-11 21:00:00+00:00,2,235.22,0.33,5.16,98.99,0.94,19.75,20.55,0.05
New York,2026-07-11 22:00:00+00:00,3,227.57,0.25,4.81,103.9,0.84,19.75,20.77,0.05
New York,2026-07-11 23:00:00+00:00,3,221.47,0.13,4.63,103.13,0.82,19.49,20.92,0.04
New York,2026-07-12 00:00:00+00:00,3,213.37,0.03,4.39,101.82,0.82,18.57,20.33,0.03
New York,2026-07-12 01:00:00+00:00,2,201.17,0.0,3.68,99.51,0.78,17.04,19.13,0.02
New York,2026-07-12 02:00:00+00:00,2,190.4,0.0,3.04,96.68,0.72,15.64,18.11,0.02
New York,2026-07-12 03:00:00+00:00,2,181.38,0.0,2.62,94.29,0.69,14.82,17.81,0.01
New York,2026-07-12 04:00:00+00:00,2,174.08,0.0,2.21,92.87,0.65,14.66,18.56,0.01
New York,2026-07-12 05:00:00+00:00,2,168.87,0.0,1.82,92.35,0.64,14.9,20.16,0.0
New York,2026-07-12 06:00:00+00:00,2,164.72,0.0,1.52,91.43,0.64,14.96,21.58,0.0
New York,2026-07-12 07:00:00+00:00,2,159.33,0.0,1.35,88.45,0.63,14.5,21.96,0.0
New York,2026-07-12 08:00:00+00:00,2,153.39,0.0,1.31,83.46,0.6,13.55,21.24,0.0
New York,2026-07-12 09:00:00+00:00,2,146.9,0.0,1.35,78.16,0.58,12.27,19.91,0.0
New York,2026-07-12 10:00:00+00:00,2,139.66,0.0,1.5,72.58,0.58,10.72,18.21,0.0
New York,2026-07-12 11:00:00+00:00,2,134.58,0.02,2.03,68.07,0.61,9.22,16.58,0.02
New York,2026-07-12 12:00:00+00:00,2,131.66,0.14,2.67,65.84,0.65,7.74,14.69,0.05
New York,2026-07-12 13:00:00+00:00,2,124.18,0.25,2.28,72.39,0.64,5.76,11.39,0.08
New York,2026-07-12 14:00:00+00:00,2,117.98,0.3,1.72,76.21,0.63,4.66,9.54,0.1
New York,2026-07-12 15:00:00+00:00,2,112.97,0.24,1.13,80.76,0.6,4.01,8.31,0.09
New York,2026-07-12 16:00:00+00:00,2,108.12,0.11,0.58,89.79,0.38,3.24,5.44,0.13
New York,2026-07-12 17:00:00+00:00,2,107.31,0.08,0.51,92.29,0.34,3.09,4.55,0.15
New York,2026-07-12 18:00:00+00:00,2,107.04,0.08,0.53,92.43,0.34,3.05,4.41,0.14
New York,2026-07-12 19:00:00+00:00,2,107.4,0.08,0.56,92.67,0.34,3.01,4.34,0.14
New York,2026-07-12 20:00:00+00:00,2,107.79,0.07,0.59,92.54,0.34,2.94,4.35,0.13
New York,2026-07-12 21:00:00+00:00,2,108.71,0.07,0.66,92.57,0.34,2.87,4.38,0.12
New York,2026-07-12 22:00:00+00:00,2,110.71,0.1,0.96,90.24,0.41,2.81,4.79,0.12
New York,2026-07-12 23:00:00+00:00,2,113.36,0.11,1.34,86.69,0.5,2.74,5.42,0.11
New York,2026-07-13 00:00:00+00:00,2,114.69,0.04,1.61,83.96,0.55,2.64,5.7,0.1
New York,2026-07-13 01:00:00+00:00,2,114.62,0.0,1.85,78.57,0.55,2.57,5.77,0.11
New York,2026-07-13 02:00:00+00:00,2,116.03,0.0,2.18,71.8,0.53,2.58,5.83,0.13
New York,2026-07-13 03:00:00+00:00,2,117.08,0.0,2.49,66.54,0.51,2.59,5.83,0.14
New York,2026-07-13 04:00:00+00:00,1,116.54,0.0,2.74,59.15,0.45,2.58,5.75,0.13
New York,2026-07-13 05:00:00+00:00,1,115.41,0.0,2.84,50.89,0.4,2.59,5.73,0.12
New York,2026-07-13 06:00:00+00:00,1,112.65,0.0,2.67,44.48,0.37,2.6,5.73,0.1
New York,2026-07-13 07:00:00+00:00,1,109.7,0.0,2.53,39.37,0.35,2.6,5.71,0.09
New York,2026-07-13 08:00:00+00:00,1,107.47,0.0,2.44,36.37,0.36,2.61,5.66,0.09
New York,2026-07-13 09:00:00+00:00,1,106.51,0.0,2.52,34.88,0.4,2.63,5.61,0.1
New York,2026-07-13 10:00:00+00:00,1,106.72,0.0,2.95,32.74,0.44,2.66,5.6,0.11
New York,2026-07-13 11:00:00+00:00,1,114.08,0.24,4.37,28.75,0.47,2.72,5.71,0.16
New York,2026-07-13 12:00:00+00:00,1,127.63,1.52,5.31,29.34,0.59,2.81,5.86,0.24
New York,2026-07-13 13:00:00+00:00,2,121.18,0.66,2.99,67.24,1.05,2.59,5.48,0.14
New York,2026-07-13 14:00:00+00:00,2,118.78,0.52,2.12,75.94,0.97,2.64,5.21,0.13
New York,2026-07-13 15:00:00+00:00,2,116.22,0.34,1.46,83.64,0.91,2.88,5.25,0.12
New York,2026-07-13 16:00:00+00:00,2,111.95,0.17,0.83,95.8,0.68,3.34,4.86,0.11
New York,2026-07-13 17:00:00+00:00,2,109.07,0.12,0.66,99.65,0.56,3.44,4.52,0.1
New York,2026-07-13 18:00:00+00:00,2,107.89,0.12,0.65,99.24,0.52,3.38,4.35,0.1
New York,2026-07-13 19:00:00+00:00,2,107.82,0.12,0.67,99.1,0.51,3.31,4.22,0.1
New York,2026-07-13 20:00:00+00:00,2,107.89,0.12,0.7,98.48,0.51,3.23,4.1,0.1
New York,2026-07-13 21:00:00+00:00,2,108.14,0.13,0.78,97.4,0.49,3.09,3.94,0.1
New York,2026-07-13 22:00:00+00:00,2,109.58,0.15,1.07,94.3,0.52,2.95,3.81,0.11
New York,2026-07-13 23:00:00+00:00,2,111.94,0.12,1.51,88.85,0.59,2.8,3.73,0.13
New York,2026-07-14 00:00:00+00:00,2,113.33,0.04,1.81,83.29,0.64,2.56,3.62,0.13
New York,2026-07-14 01:00:00+00:00,2,113.47,0.0,1.96,76.38,0.67,2.31,3.52,0.14
New York,2026-07-14 02:00:00+00:00,2,114.85,0.0,2.16,70.12,0.71,2.14,3.6,0.16
New York,2026-07-14 03:00:00+00:00,2,115.7,0.0,2.35,65.29,0.74,2.02,3.73,0.16
New York,2026-07-14 04:00:00+00:00,2,114.74,0.0,2.33,61.47,0.76,1.92,3.85,0.17
New York,2026-07-14 05:00:00+00:00,1,113.93,0.0,2.2,58.89,0.79,1.88,4.04,0.2
New York,2026-07-14 06:00:00+00:00,1,113.22,0.0,2.12,56.62,0.84,1.9,4.24,0.28
New York,2026-07-14 07:00:00+00:00,1,112.88,0.0,2.19,54.23,0.91,1.96,4.46,0.41
New York,2026-07-14 08:00:00+00:00,1,113.27,0.0,2.38,52.08,1.0,2.05,4.73,0.54
New York,2026-07-14 09:00:00+00:00,1,114.31,0.0,2.7,49.77,1.1,2.17,5.03,0.64
New York,2026-07-14 10:00:00+00:00,1,115.45,0.0,3.26,46.49,1.25,2.28,5.33,0.76
New York,2026-07-14 11:00:00+00:00,1,119.33,0.15,4.34,43.09,1.54,2.4,5.71,0.99
New York,2026-07-14 12:00:00+00:00,1,126.68,1.03,5.16,41.88,2.06,2.58,6.19,1.23
New York,2026-07-14 13:00:00+00:00,1,132.64,1.91,5.71,47.26,3.07,2.88,6.9,1.34
New York,2026-07-14 14:00:00+00:00,1,136.64,2.14,5.77,53.88,3.43,3.38,7.7,1.35
New York,2026-07-14 15:00:00+00:00,2,140.04,1.56,5.18,69.77,3.55,4.93,9.57,1.34
New York,2026-07-14 16:00:00+00:00,3,125.32,0.38,2.05,106.96,2.42,6.22,10.65,0.66
New York,2026-07-14 17:00:00+00:00,3,122.67,0.19,1.22,116.83,1.92,6.94,11.01,0.51
New York,2026-07-14 18:00:00+00:00,3,122.74,0.17,1.15,121.47,1.83,7.6,11.59,0.52
New York,2026-07-14 19:00:00+00:00,3,123.92,0.16,1.19,126.54,1.8,8.17,12.18,0.56
New York,2026-07-14 20:00:00+00:00,3,124.13,0.16,1.27,128.78,1.76,8.47,12.51,0.63
New York,2026-07-14 21:00:00+00:00,3,124.69,0.16,1.47,129.82,1.77,8.58,12.65,0.71
New York,2026-07-14 22:00:00+00:00,3,126.51,0.17,1.96,130.36,1.87,8.65,12.79,0.83
New York,2026-07-14 23:00:00+00:00,3,128.3,0.14,2.75,128.9,2.05,8.61,12.83,0.98
New York,2026-07-15 00:00:00+00:00,3,128.63,0.04,3.49,125.04,2.2,8.29,12.45,1.15
New York,2026-07-15 01:00:00+00:00,3,126.66,0.0,3.59,116.89,2.24,7.52,11.51,1.38
New York,2026-07-15 02:00:00+00:00,3,125.73,0.0,3.64,108.59,2.35,6.75,10.54,1.67
New York,2026-07-15 03:00:00+00:00,3,126.01,0.0,3.85,102.35,2.54,6.2,9.78,1.87
New York,2026-07-15 04:00:00+00:00,2,126.3,0.0,4.11,95.7,2.73,5.75,9.18,1.97
New York,2026-07-15 05:00:00+00:00,2,129.69,0.0,4.44,89.66,2.9,5.6,8.99,2.02
New York,2026-07-15 06:00:00+00:00,2,134.58,0.0,4.87,83.9,3.04,5.76,9.1,1.96
New York,2026-07-15 07:00:00+00:00,2,140.03,0.0,5.34,78.07,3.1,6.19,9.4,1.81
New York,2026-07-15 08:00:00+00:00,2,144.78,0.0,5.72,73.44,3.1,6.86,9.91,1.64
New York,2026-07-15 09:00:00+00:00,2,148.31,0.0,5.96,70.86,3.15,7.92,10.74,1.41
New York,2026-07-15 10:00:00+00:00,2,150.36,0.0,6.09,70.67,3.41,9.58,12.05,1.15
New York,2026-07-15 11:00:00+00:00,2,153.05,0.07,6.7,73.63,3.94,11.94,14.01,0.92
New York,2026-07-15 12:00:00+00:00,2,156.09,0.54,6.97,78.55,4.49,14.24,15.95,0.76
New York,2026-07-15 13:00:00+00:00,2,155.78,0.94,6.07,87.48,4.78,15.84,17.26,0.7
New York,2026-07-15 14:00:00+00:00,2,151.45,0.79,4.61,98.97,4.7,16.89,18.13,0.72
New York,2026-07-15 15:00:00+00:00,3,145.44,0.45,2.98,113.58,4.27,18.12,19.25,0.78
New York,2026-07-15 16:00:00+00:00,3,140.66,0.25,1.83,125.0,3.39,18.3,19.24,0.86
New York,2026-07-15 17:00:00+00:00,3,141.2,0.21,1.58,130.74,2.99,18.63,19.49,0.97
New York,2026-07-15 18:00:00+00:00,3,142.75,0.2,1.58,136.72,2.89,19.15,20.0,1.06
New York,2026-07-15 19:00:00+00:00,3,142.96,0.18,1.6,138.9,2.67,18.52,19.32,1.12
New York,2026-07-15 20:00:00+00:00,3,134.36,0.17,1.73,133.39,2.34,16.08,16.78,1.08
New York,2026-07-15 21:00:00+00:00,3,126.21,0.15,2.16,127.32,2.21,14.17,14.81,1.03
New York,2026-07-15 22:00:00+00:00,3,124.69,0.11,3.34,120.42,2.31,13.52,14.17,1.01
New York,2026-07-15 23:00:00+00:00,3,128.35,0.07,5.03,112.93,2.61,13.88,14.57,1.01
New York,2026-07-16 00:00:00+00:00,3,131.0,0.02,6.29,108.47,2.94,14.45,15.2,1.05
New York,2026-07-16 01:00:00+00:00,3,132.71,0.0,6.72,100.93,3.09,14.82,15.58,1.08
New York,2026-07-16 02:00:00+00:00,2,136.06,0.0,7.22,89.55,2.96,14.7,15.45,1.07
New York,2026-07-16 03:00:00+00:00,2,140.5,0.0,7.88,77.62,2.66,13.82,14.58,1.01
New York,2026-07-16 04:00:00+00:00,2,148.91,0.0,8.09,66.07,2.18,12.53,13.37,0.81
New York,2026-07-16 05:00:00+00:00,2,167.66,0.0,7.9,58.11,1.83,12.15,13.14,0.68
New York,2026-07-16 06:00:00+00:00,2,195.5,0.0,7.35,53.0,1.6,12.68,13.81,0.64
New York,2026-07-16 07:00:00+00:00,2,225.08,0.0,6.68,47.32,1.31,13.86,15.07,0.59
New York,2026-07-16 08:00:00+00:00,2,247.83,0.0,6.12,40.79,1.03,15.29,16.55,0.48
New York,2026-07-16 09:00:00+00:00,2,264.08,0.0,5.66,35.3,0.86,16.71,17.99,0.42
New York,2026-07-16 10:00:00+00:00,2,278.23,0.0,5.56,30.74,0.77,18.0,19.25,0.43
New York,2026-07-16 11:00:00+00:00,2,304.54,0.05,6.71,28.27,0.84,19.84,21.04,0.68
New York,2026-07-16 12:00:00+00:00,2,357.09,0.49,8.5,32.26,1.09,23.64,24.78,1.37
New York,2026-07-16 13:00:00+00:00,3,546.51,0.84,7.6,71.34,1.85,41.37,42.2,4.43
New York,2026-07-16 14:00:00+00:00,3,598.64,0.83,6.82,92.08,2.05,48.07,48.84,4.77
New York,2026-07-16 15:00:00+00:00,4,600.02,0.62,5.36,119.91,2.29,50.86,51.71,4.55
New York,2026-07-16 16:00:00+00:00,4,661.88,0.24,2.66,162.54,1.69,53.87,54.4,6.9
New York,2026-07-16 17:00:00+00:00,4,620.82,0.17,2.11,169.9,1.47,48.07,48.57,6.63
New York,2026-07-16 18:00:00+00:00,4,565.4,0.15,2.09,172.47,1.54,43.22,43.82,5.95
New York,2026-07-16 19:00:00+00:00,4,505.26,0.14,2.07,169.33,1.57,35.28,35.96,5.25
New York,2026-07-16 20:00:00+00:00,4,443.13,0.13,2.14,161.83,1.51,26.92,27.62,4.46
New York,2026-07-16 21:00:00+00:00,4,395.29,0.13,2.42,154.95,1.48,20.64,21.34,3.81
New York,2026-07-16 22:00:00+00:00,4,356.26,0.16,3.29,147.96,1.58,16.08,16.74,3.27
New York,2026-07-16 23:00:00+00:00,3,317.87,0.16,4.57,138.75,1.76,13.05,13.66,2.73
New York,2026-07-17 00:00:00+00:00,3,278.04,0.05,5.77,127.7,1.92,10.72,11.26,2.31
New York,2026-07-17 01:00:00+00:00,3,245.01,0.0,6.6,112.15,2.11,10.01,10.66,1.89
New York,2026-07-17 02:00:00+00:00,2,242.5,0.0,7.3,98.92,2.36,10.29,11.02,1.69
New York,2026-07-17 03:00:00+00:00,2,302.94,0.0,8.18,90.85,2.63,14.31,15.02,2.03
New York,2026-07-17 04:00:00+00:00,3,421.2,0.0,8.88,81.01,2.48,25.06,25.81,2.46
New York,2026-07-17 05:00:00+00:00,3,549.47,0.0,8.88,70.57,2.06,40.08,40.85,2.61
New York,2026-07-17 06:00:00+00:00,4,676.49,0.0,8.28,62.79,1.74,58.81,59.56,2.61
New York,2026-07-17 07:00:00+00:00,5,764.07,0.0,7.62,55.87,1.51,76.47,77.18,2.36
New York,2026-07-17 08:00:00+00:00,5,814.66,0.0,7.18,49.33,1.32,90.05,90.72,1.99
New York,2026-07-17 09:00:00+00:00,5,832.73,0.0,7.08,43.88,1.19,99.22,99.86,1.53
New York,2026-07-17 10:00:00+00:00,5,815.73,0.0,7.38,38.68,1.16,102.69,103.31,1.24
New York,2026-07-17 11:00:00+00:00,5,787.27,0.06,8.95,34.33,1.29,102.43,103.07,1.29
New York,2026-07-17 12:00:00+00:00,5,746.77,0.71,11.0,36.03,1.75,97.72,98.41,1.52
New York,2026-07-17 13:00:00+00:00,5,639.87,1.22,10.57,62.31,3.38,82.44,83.18,2.17
New York,2026-07-17 14:00:00+00:00,5,588.0,1.51,9.84,76.65,3.59,76.77,77.54,2.0
New York,2026-07-17 15:00:00+00:00,4,553.49,1.21,8.6,102.84,3.86,74.72,75.58,1.9
New York,2026-07-17 16:00:00+00:00,4,534.2,0.39,4.15,145.91,2.53,74.87,75.4,3.8
New York,2026-07-17 17:00:00+00:00,5,541.83,0.21,2.74,159.82,2.01,77.3,77.75,4.43
New York,2026-07-17 18:00:00+00:00,5,543.83,0.17,2.57,170.38,2.05,78.95,79.48,4.45
New York,2026-07-17 19:00:00+00:00,5,545.76,0.12,2.68,177.22,2.11,80.35,80.95,4.45
New York,2026-07-17 20:00:00+00:00,5,544.82,0.11,2.84,180.07,2.09,80.83,81.49,4.42
New York,2026-07-17 21:00:00+00:00,5,545.28,0.09,3.14,181.88,2.05,81.28,82.01,4.38
New York,2026-07-17 22:00:00+00:00,5,542.74,0.08,4.25,176.93,2.08,81.58,82.49,3.98
New York,2026-07-17 23:00:00+00:00,5,539.98,0.05,5.6,168.06,2.15,82.05,83.33,3.32
New York,2026-07-18 00:00:00+00:00,5,538.61,0.01,6.03,162.46,2.14,82.86,84.57,2.84
New York,2026-07-18 01:00:00+00:00,5,528.2,0.0,5.46,155.97,2.03,82.76,85.1,2.36
New York,2026-07-18 02:00:00+00:00,5,525.7,0.0,4.95,147.51,1.86,83.93,87.01,1.89
New York,2026-07-18 03:00:00+00:00,5,528.87,0.0,4.74,138.38,1.65,85.44,89.09,1.5
New York,2026-07-18 04:00:00+00:00,5,526.44,0.0,4.22,129.95,1.46,85.32,89.35,1.18
New York,2026-07-18 05:00:00+00:00,5,526.26,0.0,3.25,126.71,1.36,84.83,89.12,1.06
New York,2026-07-18 06:00:00+00:00,5,525.35,0.0,2.44,125.31,1.28,83.8,88.24,1.02
New York,2026-07-18 07:00:00+00:00,5,523.45,0.0,1.96,124.75,1.23,82.02,86.47,1.05
New York,2026-07-18 08:00:00+00:00,5,521.99,0.0,1.68,124.74,1.17,79.91,84.49,1.05
New York,2026-07-18 09:00:00+00:00,5,520.53,0.0,1.54,124.89,1.12,77.43,82.29,1.03
New York,2026-07-18 10:00:00+00:00,4,516.55,0.0,1.53,124.4,1.13,73.97,78.82,1.25
New York,2026-07-18 11:00:00+00:00,4,512.56,0.0,1.92,122.06,1.1,69.94,74.69,1.51
New York,2026-07-18 12:00:00+00:00,4,512.5,0.0,2.7,120.64,1.04,66.36,70.93,1.81
New York,2026-07-18 13:00:00+00:00,4,532.91,0.0,2.93,125.83,1.0,64.63,68.19,2.47
New York,2026-07-18 14:00:00+00:00,4,539.72,0.01,2.86,124.87,0.95,63.14,66.38,2.2
New York,2026-07-18 15:00:00+00:00,4,533.73,0.01,2.68,122.37,0.97,61.17,64.79,1.69
New York,2026-07-18 16:00:00+00:00,4,506.28,0.01,2.45,119.28,0.9,57.92,62.74,1.22
New York,2026-07-18 17:00:00+00:00,4,441.14,0.01,2.25,114.87,0.89,51.43,57.91,0.85
New York,2026-07-18 18:00:00+00:00,3,341.91,0.03,2.0,107.87,0.9,41.38,48.73,0.51
New York,2026-07-18 19:00:00+00:00,3,231.18,0.08,1.44,103.2,0.85,28.36,34.04,0.36
New York,2026-07-18 20:00:00+00:00,2,171.37,0.08,1.55,95.66,0.77,19.28,23.31,0.32
New York,2026-07-18 21:00:00+00:00,2,145.42,0.1,1.93,89.79,0.74,13.51,16.46,0.35
New York,2026-07-18 22:00:00+00:00,2,137.45,0.14,2.35,87.32,0.75,10.5,13.08,0.45
New York,2026-07-18 23:00:00+00:00,2,136.24,0.07,2.9,85.83,0.87,9.1,11.22,0.64
New York,2026-07-19 00:00:00+00:00,2,137.99,0.02,3.45,83.68,1.04,8.42,9.9,0.84
New York,2026-07-19 01:00:00+00:00,2,142.07,0.0,3.75,81.38,1.21,8.03,8.83,0.78
New York,2026-07-19 02:00:00+00:00,2,147.29,0.0,4.02,78.32,1.14,7.88,8.22,0.47
New York,2026-07-19 03:00:00+00:00,2,152.91,0.0,4.38,75.52,1.01,7.65,7.8,0.23
New York,2026-07-19 04:00:00+00:00,2,153.32,0.0,4.48,71.33,0.83,6.64,6.72,0.12
New York,2026-07-19 05:00:00+00:00,2,153.61,0.0,4.31,67.58,0.73,5.39,5.47,0.09
New York,2026-07-19 06:00:00+00:00,2,153.55,0.0,4.15,63.46,0.74,4.52,4.64,0.09
New York,2026-07-19 07:00:00+00:00,1,153.91,0.0,4.18,58.49,0.81,4.02,4.19,0.11
New York,2026-07-19 08:00:00+00:00,1,153.98,0.0,4.35,52.79,0.99,3.52,3.71,0.14
New York,2026-07-19 09:00:00+00:00,1,154.06,0.0,4.5,47.17,1.24,3.17,3.39,0.18
New York,2026-07-19 10:00:00+00:00,1,153.28,0.0,4.63,41.62,1.53,3.34,3.64,0.24
New York,2026-07-19 11:00:00+00:00,1,154.49,0.14,4.84,37.89,1.66,3.76,4.15,0.27
New York,2026-07-19 12:00:00+00:00,1,190.85,0.76,4.39,40.29,1.61,3.97,4.37,0.27
New York,2026-07-19 13:00:00+00:00,1,312.95,0.97,3.76,52.04,1.42,4.02,4.36,0.25
New York,2026-07-19 14:00:00+00:00,2,468.34,0.65,2.96,72.52,1.27,4.68,4.95,0.25
New York,2026-07-19 15:00:00+00:00,2,572.13,0.37,2.08,93.61,1.21,5.99,6.22,0.24
New York,2026-07-19 16:00:00+00:00,3,628.05,0.23,1.46,108.6,1.07,6.38,6.57,0.22
New York,2026-07-19 17:00:00+00:00,3,626.21,0.19,1.25,115.87,0.98,6.36,6.52,0.21
New York,2026-07-19 18:00:00+00:00,3,578.73,0.18,1.25,120.33,1.02,6.86,7.02,0.22
New York,2026-07-19 19:00:00+00:00,3,521.96,0.17,1.3,123.06,1.04,7.18,7.35,0.23
New York,2026-07-19 20:00:00+00:00,3,467.99,0.15,1.41,122.49,1.02,6.99,7.15,0.24
New York,2026-07-19 21:00:00+00:00,3,420.24,0.12,1.67,119.97,1.01,6.65,6.81,0.25
New York,2026-07-19 22:00:00+00:00,2,388.6,0.25,3.75,99.96,0.93,6.67,6.87,0.29
New York,2026-07-19 23:00:00+00:00,2,369.89,0.44,6.35,78.43,0.82,7.08,7.37,0.36
New York,2026-07-20 00:00:00+00:00,2,354.26,0.22,8.25,64.15,0.76,7.35,7.74,0.4
New York,2026-07-20 01:00:00+00:00,1,339.19,0.0,8.96,54.11,0.71,7.45,7.93,0.42
New York,2026-07-20 02:00:00+00:00,1,327.89,0.0,9.27,46.54,0.7,7.49,8.05,0.43
New York,2026-07-20 03:00:00+00:00,1,314.94,0.0,10.01,38.54,0.69,7.35,7.94,0.45
New York,2026-07-20 04:00:00+00:00,1,299.8,0.0,10.34,32.6,0.68,7.07,7.66,0.44
New York,2026-07-20 05:00:00+00:00,1,284.8,0.0,10.18,28.5,0.7,6.78,7.35,0.41
New York,2026-07-20 06:00:00+00:00,1,266.3,0.0,9.9,26.45,0.85,6.28,6.81,0.39
New York,2026-07-20 07:00:00+00:00,1,235.62,0.0,9.38,31.75,1.45,5.14,5.62,0.44
New York,2026-07-20 08:00:00+00:00,1,204.05,0.0,9.31,30.4,1.6,4.17,4.63,0.44
New York,2026-07-20 09:00:00+00:00,1,175.57,0.0,9.57,28.36,1.69,3.36,3.84,0.43
New York,2026-07-20 10:00:00+00:00,1,151.88,0.0,10.11,26.99,1.89,2.67,3.23,0.44
New York,2026-07-20 11:00:00+00:00,1,140.73,0.5,10.92,26.61,2.3,2.28,2.96,0.49
New York,2026-07-20 12:00:00+00:00,1,140.28,2.75,10.05,29.38,2.88,2.16,3.02,0.58
New York,2026-07-20 13:00:00+00:00,1,144.22,4.4,9.45,34.41,3.51,2.27,3.31,0.65
New York,2026-07-20 14:00:00+00:00,1,148.01,4.28,9.27,45.32,3.96,3.02,4.23,0.66
New York,2026-07-20 15:00:00+00:00,2,148.55,2.7,8.16,70.6,4.41,6.22,7.59,0.63
New York,2026-07-20 16:00:00+00:00,3,121.03,0.61,2.96,106.78,2.57,6.04,6.84,0.36
New York,2026-07-20 17:00:00+00:00,3,116.33,0.24,1.38,116.13,1.79,6.32,6.97,0.26
New York,2026-07-20 18:00:00+00:00,3,116.58,0.19,1.15,120.91,1.63,7.08,7.76,0.23
New York,2026-07-20 19:00:00+00:00,3,118.37,0.17,1.12,124.98,1.5,7.53,8.19,0.2
New York,2026-07-20 20:00:00+00:00,3,120.13,0.16,1.15,127.39,1.4,7.8,8.44,0.18
New York,2026-07-20 21:00:00+00:00,3,122.33,0.16,1.29,128.6,1.32,7.9,8.5,0.17
New York,2026-07-20 22:00:00+00:00,3,128.44,0.18,1.74,127.07,1.29,8.09,8.72,0.18
New York,2026-07-20 23:00:00+00:00,3,139.38,0.15,2.31,123.4,1.28,8.36,9.09,0.18
New York,2026-07-21 00:00:00+00:00,3,156.11,0.04,2.68,120.78,1.23,8.43,9.31,0.17
New York,2026-07-21 01:00:00+00:00,3,182.88,0.0,2.45,120.3,1.16,8.78,9.99,0.14
New York,2026-07-21 02:00:00+00:00,3,219.44,0.0,2.15,121.53,1.09,9.61,11.44,0.12
New York,2026-07-21 03:00:00+00:00,3,255.65,0.0,1.95,122.62,1.01,10.62,13.25,0.09
New York,2026-07-21 04:00:00+00:00,3,279.36,0.0,1.65,121.87,0.93,11.34,14.81,0.06
New York,2026-07-21 05:00:00+00:00,3,287.22,0.0,1.34,121.11,0.88,11.59,15.85,0.04
New York,2026-07-21 06:00:00+00:00,3,284.02,0.0,1.14,119.74,0.84,11.35,16.23,0.03
New York,2026-07-21 07:00:00+00:00,3,282.55,0.0,1.03,117.5,0.83,10.75,15.37,0.03
New York,2026-07-21 08:00:00+00:00,3,293.49,0.0,0.97,115.77,0.72,9.86,13.67,0.03
New York,2026-07-21 09:00:00+00:00,3,322.25,0.0,0.93,113.05,0.61,8.69,11.84,0.02
New York,2026-07-21 10:00:00+00:00,3,352.88,0.0,0.95,108.35,0.52,7.22,9.81,0.01
New York,2026-07-21 11:00:00+00:00,3,358.64,0.0,1.24,100.92,0.46,5.83,8.06,0.02
New York,2026-07-21 12:00:00+00:00,2,336.0,0.04,1.75,93.06,0.46,5.31,7.38,0.03
New York,2026-07-21 13:00:00+00:00,2,293.26,0.1,1.97,86.11,0.5,5.26,7.05,0.05
New York,2026-07-21 14:00:00+00:00,2,238.15,0.12,2.01,77.38,0.54,4.85,6.12,0.09
New York,2026-07-21 15:00:00+00:00,2,185.58,0.12,2.05,67.88,0.57,4.35,5.23,0.19
New York,2026-07-21 16:00:00+00:00,2,143.39,0.1,1.89,64.0,0.56,3.81,4.45,0.26
New York,2026-07-21 17:00:00+00:00,2,123.63,0.08,1.85,63.04,0.59,3.69,4.28,0.32
New York,2026-07-21 18:00:00+00:00,2,117.19,0.05,2.05,62.31,0.64,3.69,4.31,0.39
New York,2026-07-21 19:00:00+00:00,2,116.43,0.06,2.31,62.13,0.74,3.96,4.64,0.44
New York,2026-07-21 20:00:00+00:00,2,116.89,0.1,2.47,62.12,0.79,4.41,5.16,0.46
New York,2026-07-21 21:00:00+00:00,2,118.06,0.13,2.61,63.9,0.77,4.87,5.66,0.46
New York,2026-07-21 22:00:00+00:00,2,120.39,0.09,3.02,65.6,0.74,5.38,6.04,0.43
New York,2026-07-21 23:00:00+00:00,2,123.39,0.04,3.52,66.03,0.69,5.82,6.2,0.34
New York,2026-07-22 00:00:00+00:00,2,125.52,0.01,3.7,65.93,0.63,5.96,6.21,0.24
New York,2026-07-22 01:00:00+00:00,2,124.84,0.0,3.59,63.73,0.56,5.71,5.88,0.18
New York,2026-07-22 02:00:00+00:00,2,123.61,0.0,3.47,60.73,0.5,4.86,5.0,0.13
New York,2026-07-22 03:00:00+00:00,1,121.93,0.0,3.4,57.71,0.44,3.65,3.75,0.1
New York,2026-07-22 04:00:00+00:00,1,118.85,0.0,3.24,54.84,0.42,2.49,2.57,0.09
New York,2026-07-22 05:00:00+00:00,1,116.22,0.0,3.12,52.27,0.46,1.76,1.85,0.1
New York,2026-07-22 06:00:00+00:00,1,114.83,0.0,3.17,49.55,0.56,1.47,1.57,0.11
New York,2026-07-22 07:00:00+00:00,1,115.21,0.0,3.48,46.64,0.69,1.47,1.59,0.12
New York,2026-07-22 08:00:00+00:00,1,116.65,0.0,3.84,43.01,0.78,1.53,1.69,0.11
New York,2026-07-22 09:00:00+00:00,1,117.39,0.0,4.08,39.76,0.82,1.51,1.7,0.11
New York,2026-07-22 10:00:00+00:00,1,117.91,0.0,4.28,36.76,0.88,1.46,1.67,0.12
New York,2026-07-22 11:00:00+00:00,1,119.81,0.08,4.81,33.37,1.02,1.49,1.72,0.15
New York,2026-07-22 12:00:00+00:00,1,124.81,0.65,5.25,30.61,1.23,1.63,1.9,0.2
New York,2026-07-22 13:00:00+00:00,1,130.13,1.37,5.25,30.91,1.47,1.87,2.19,0.24
New York,2026-07-22 14:00:00+00:00,1,134.23,1.68,4.91,38.04,1.75,2.38,2.78,0.28
New York,2026-07-22 15:00:00+00:00,1,139.0,1.27,4.14,55.59,1.98,4.06,4.52,0.28
New York,2026-07-22 16:00:00+00:00,2,147.17,0.41,2.02,85.47,1.5,5.64,5.96,0.18
New York,2026-07-22 17:00:00+00:00,2,147.41,0.2,1.3,97.26,1.11,5.42,5.65,0.17
New York,2026-07-22 18:00:00+00:00,3,144.67,0.17,1.25,101.4,0.99,5.02,5.24,0.19
New York,2026-07-22 19:00:00+00:00,3,143.67,0.17,1.34,104.21,0.96,4.69,4.9,0.22
New York,2026-07-22 20:00:00+00:00,3,144.74,0.19,1.53,106.54,0.99,4.78,4.99,0.26
New York,2026-07-22 21:00:00+00:00,3,147.72,0.22,1.83,108.05,1.04,5.08,5.31,0.31
New York,2026-07-22 22:00:00+00:00,2,156.5,0.4,3.4,98.22,1.12,5.77,6.14,0.41
New York,2026-07-22 23:00:00+00:00,2,169.38,0.51,5.88,83.38,1.19,6.47,7.06,0.52
New York,2026-07-23 00:00:00+00:00,2,179.01,0.2,8.38,72.59,1.25,6.75,7.47,0.63
New York,2026-07-23 01:00:00+00:00,2,183.24,0.0,9.57,64.59,1.34,6.7,7.46,0.71
New York,2026-07-23 02:00:00+00:00,1,188.02,0.0,10.25,59.3,1.62,6.47,7.19,0.71
New York,2026-07-23 03:00:00+00:00,1,189.82,0.0,10.86,55.72,2.09,5.96,6.58,0.68
New York,2026-07-23 04:00:00+00:00,1,182.62,0.0,10.37,54.34,2.54,5.03,5.52,0.63
New York,2026-07-23 05:00:00+00:00,1,176.84,0.0,10.18,51.71,2.72,3.99,4.41,0.63
New York,2026-07-23 06:00:00+00:00,1,168.69,0.0,9.87,50.51,2.82,2.82,3.2,0.61
New York,2026-07-23 07:00:00+00:00,1,158.03,0.0,9.36,50.05,2.72,1.97,2.29,0.56
New York,2026-07-23 08:00:00+00:00,1,151.3,0.0,9.03,47.82,2.44,1.75,2.05,0.49
New York,2026-07-23 09:00:00+00:00,1,145.05,0.0,8.94,45.42,2.25,1.77,2.12,0.41
New York,2026-07-23 10:00:00+00:00,1,137.86,0.0,9.01,43.04,2.23,1.86,2.29,0.38
New York,2026-07-23 11:00:00+00:00,1,135.01,0.23,9.73,41.93,2.38,1.99,2.51,0.42
New York,2026-07-23 12:00:00+00:00,1,136.52,1.59,9.3,44.16,2.57,2.16,2.74,0.49
New York,2026-07-23 13:00:00+00:00,1,136.7,2.6,8.38,50.75,2.71,2.33,2.96,0.55
New York,2026-07-23 14:00:00+00:00,2,136.63,2.7,7.76,60.41,2.93,2.83,3.5,0.58
New York,2026-07-23 15:00:00+00:00,2,137.82,2.13,6.89,76.22,3.21,4.49,5.23,0.58
New York,2026-07-23 16:00:00+00:00,3,129.3,0.79,3.39,100.71,2.33,5.4,5.94,0.41
New York,2026-07-23 17:00:00+00:00,3,125.52,0.31,1.66,113.55,1.79,6.25,6.71,0.31
New York,2026-07-23 18:00:00+00:00,3,126.2,0.22,1.32,121.44,1.77,7.55,8.07,0.29
New York,2026-07-23 19:00:00+00:00,3,128.22,0.19,1.25,128.19,1.75,8.52,9.09,0.28
New York,2026-07-23 20:00:00+00:00,3,129.0,0.18,1.26,131.77,1.66,9.01,9.61,0.26
New York,2026-07-23 21:00:00+00:00,3,129.43,0.17,1.38,133.53,1.56,9.1,9.75,0.24
New York,2026-07-23 22:00:00+00:00,3,130.13,0.19,1.85,129.96,1.47,9.1,9.95,0.23
New York,2026-07-23 23:00:00+00:00,3,130.64,0.15,2.44,122.26,1.37,8.93,10.07,0.22
New York,2026-07-24 00:00:00+00:00,3,129.54,0.04,2.82,114.65,1.25,8.4,9.75,0.2
New York,2026-07-24 01:00:00+00:00,2,128.8,0.0,3.33,98.67,1.05,7.67,9.14,0.2
New York,2026-07-24 02:00:00+00:00,2,129.41,0.0,4.0,82.03,0.86,7.01,8.56,0.22
New York,2026-07-24 03:00:00+00:00,2,129.85,0.0,4.39,71.43,0.75,6.39,7.98,0.22
New York,2026-07-24 04:00:00+00:00,2,126.94,0.0,4.42,62.62,0.61,5.7,7.25,0.19
New York,2026-07-24 05:00:00+00:00,1,123.21,0.0,4.01,56.04,0.5,5.15,6.64,0.16
New York,2026-07-24 06:00:00+00:00,1,118.84,0.0,3.41,51.32,0.45,4.68,6.13,0.13
New York,2026-07-24 07:00:00+00:00,1,114.99,0.0,3.04,46.82,0.41,4.35,5.75,0.11
New York,2026-07-24 08:00:00+00:00,1,112.11,0.0,2.84,41.67,0.36,4.11,5.44,0.09
New York,2026-07-24 09:00:00+00:00,1,110.49,0.0,2.82,37.55,0.32,3.87,5.1,0.08
New York,2026-07-24 10:00:00+00:00,1,110.7,0.01,3.19,34.3,0.32,3.65,4.82,0.09
New York,2026-07-24 11:00:00+00:00,1,119.4,0.27,4.76,32.0,0.38,3.56,4.78,0.16
New York,2026-07-24 12:00:00+00:00,1,135.21,1.74,5.93,35.09,0.52,3.57,4.89,0.29
New York,2026-07-24 13:00:00+00:00,2,127.29,0.91,4.09,73.56,1.17,2.84,4.11,0.21
New York,2026-07-24 14:00:00+00:00,2,125.65,0.91,3.29,81.58,1.2,2.86,4.08,0.21
New York,2026-07-24 15:00:00+00:00,2,122.22,0.63,2.4,91.38,1.15,3.17,4.29,0.18
New York,2026-07-24 16:00:00+00:00,3,108.25,0.18,0.9,106.2,0.62,2.62,3.39,0.08
New York,2026-07-24 17:00:00+00:00,3,103.78,0.12,0.64,109.85,0.45,2.51,3.16,0.06
New York,2026-07-24 18:00:00+00:00,3,102.18,0.12,0.61,111.58,0.42,2.58,3.24,0.06
New York,2026-07-24 19:00:00+00:00,3,101.86,0.12,0.63,113.43,0.43,2.73,3.46,0.05
New York,2026-07-24 20:00:00+00:00,3,101.3,0.12,0.69,114.27,0.45,2.91,3.76,0.05
New York,2026-07-24 21:00:00+00:00,3,100.82,0.12,0.83,114.11,0.46,2.98,4.0,0.05
New York,2026-07-24 22:00:00+00:00,3,100.82,0.1,1.22,111.7,0.49,3.01,4.26,0.06
New York,2026-07-24 23:00:00+00:00,3,101.48,0.05,1.69,107.42,0.54,3.05,4.61,0.08
New York,2026-07-25 00:00:00+00:00,3,101.32,0.01,1.83,103.88,0.57,3.03,4.94,0.08
New York,2026-07-25 01:00:00+00:00,2,101.14,0.0,2.08,96.19,0.57,2.99,5.22,0.1
New York,2026-07-25 02:00:00+00:00,2,102.91,0.0,2.57,86.89,0.58,3.01,5.51,0.13
New York,2026-07-25 03:00:00+00:00,2,104.24,0.0,2.94,80.11,0.56,3.04,5.76,0.13
New York,2026-07-25 04:00:00+00:00,2,103.86,0.0,3.1,73.55,0.51,3.03,5.93,0.11
New York,2026-07-25 05:00:00+00:00,2,101.68,0.0,2.71,68.44,0.43,3.01,6.07,0.08
New York,2026-07-25 06:00:00+00:00,2,98.58,0.0,2.2,64.84,0.39,2.98,6.18,0.06
New York,2026-07-25 07:00:00+00:00,2,96.01,0.0,1.91,61.41,0.36,2.92,6.2,0.05
New York,2026-07-25 08:00:00+00:00,1,94.79,0.0,1.8,58.36,0.36,2.88,6.18,0.05
New York,2026-07-25 09:00:00+00:00,1,94.74,0.0,1.9,55.54,0.37,2.85,6.06,0.05
New York,2026-07-25 10:00:00+00:00,1,95.87,0.0,2.29,52.47,0.38,2.82,5.9,0.05
New York,2026-07-25 11:00:00+00:00,1,101.34,0.05,3.35,50.2,0.43,2.84,5.8,0.09
New York,2026-07-25 12:00:00+00:00,1,109.7,0.61,4.04,53.54,0.58,2.85,5.79,0.13
New York,2026-07-25 13:00:00+00:00,2,108.91,0.7,3.03,70.5,0.93,2.71,5.74,0.12
New York,2026-07-25 14:00:00+00:00,2,108.06,0.62,2.37,77.04,1.02,2.76,5.85,0.13
New York,2026-07-25 15:00:00+00:00,2,106.4,0.4,1.65,85.22,1.05,3.26,6.45,0.12
New York,2026-07-25 16:00:00+00:00,2,101.32,0.15,0.75,96.72,0.66,2.86,5.45,0.07
New York,2026-07-25 17:00:00+00:00,2,98.98,0.11,0.53,99.2,0.48,2.56,4.79,0.05
New York,2026-07-25 18:00:00+00:00,2,98.25,0.1,0.51,99.15,0.41,2.42,4.55,0.04
New York,2026-07-25 19:00:00+00:00,2,98.68,0.1,0.51,99.81,0.38,2.24,4.29,0.04
New York,2026-07-25 20:00:00+00:00,2,99.38,0.1,0.54,99.26,0.35,2.08,4.1,0.04
New York,2026-07-25 21:00:00+00:00,2,100.17,0.11,0.64,98.03,0.34,1.93,3.93,0.04
New York,2026-07-25 22:00:00+00:00,2,102.02,0.13,0.93,94.77,0.37,1.91,4.08,0.05
New York,2026-07-25 23:00:00+00:00,2,103.8,0.12,1.32,89.2,0.43,1.98,4.49,0.06
New York,2026-07-26 00:00:00+00:00,2,104.87,0.04,1.61,84.52,0.46,2.03,4.81,0.07
New York,2026-07-26 01:00:00+00:00,2,104.58,0.0,1.75,78.39,0.48,2.07,5.04,0.08
New York,2026-07-26 02:00:00+00:00,2,105.87,0.0,2.01,72.98,0.5,2.16,5.27,0.09
New York,2026-07-26 03:00:00+00:00,2,107.53,0.0,2.33,68.94,0.51,2.21,5.34,0.11
New York,2026-07-26 04:00:00+00:00,2,107.93,0.0,2.8,61.58,0.45,2.2,5.18,0.12
New York,2026-07-26 05:00:00+00:00,1,107.6,0.0,3.03,53.11,0.37,2.19,5.0,0.11
New York,2026-07-26 06:00:00+00:00,1,106.0,0.0,2.95,47.3,0.34,2.17,4.83,0.09
New York,2026-07-26 07:00:00+00:00,1,104.42,0.0,2.93,42.8,0.33,2.16,4.7,0.09
New York,2026-07-26 08:00:00+00:00,1,104.04,0.0,2.99,39.83,0.34,2.18,4.6,0.07
New York,2026-07-26 09:00:00+00:00,1,104.84,0.0,3.25,37.22,0.36,2.23,4.54,0.07
New York,2026-07-26 10:00:00+00:00,1,106.65,0.0,3.84,34.43,0.42,2.29,4.53,0.07
New York,2026-07-26 11:00:00+00:00,1,113.18,0.14,5.13,32.83,0.57,2.39,4.69,0.12
New York,2026-07-26 12:00:00+00:00,1,124.26,1.22,5.85,36.47,0.92,2.52,5.01,0.21
New York,2026-07-26 13:00:00+00:00,1,128.53,1.61,5.74,54.81,2.05,2.63,5.47,0.27
New York,2026-07-26 14:00:00+00:00,2,133.29,1.81,5.58,62.68,2.49,3.19,6.28,0.32
New York,2026-07-26 15:00:00+00:00,2,139.06,1.4,5.06,80.1,2.95,5.3,8.68,0.35
New York,2026-07-26 16:00:00+00:00,3,123.05,0.36,2.07,119.13,2.36,6.78,9.09,0.19
New York,2026-07-26 17:00:00+00:00,3,120.26,0.17,1.19,132.29,1.98,8.39,10.25,0.13
New York,2026-07-26 18:00:00+00:00,3,120.3,0.14,1.04,138.59,1.86,9.73,11.54,0.1
New York,2026-07-26 19:00:00+00:00,4,120.17,0.13,1.01,141.76,1.69,10.35,12.09,0.08
New York,2026-07-26 20:00:00+00:00,4,118.98,0.11,1.04,141.97,1.53,10.4,12.11,0.05
New York,2026-07-26 21:00:00+00:00,4,118.24,0.09,1.16,140.67,1.41,10.19,11.89,0.04
New York,2026-07-26 22:00:00+00:00,3,117.31,0.09,1.49,135.02,1.29,9.46,11.29,0.05
New York,2026-07-26 23:00:00+00:00,3,116.52,0.07,1.85,126.34,1.17,8.5,10.62,0.06
New York,2026-07-27 00:00:00+00:00,3,115.46,0.02,2.0,119.73,1.07,7.67,10.07,0.06
New York,2026-07-27 01:00:00+00:00,3,113.36,0.0,1.89,113.1,0.97,6.84,9.46,0.06
New York,2026-07-27 02:00:00+00:00,3,112.61,0.0,1.93,106.23,0.91,6.21,9.03,0.07
New York,2026-07-27 03:00:00+00:00,3,112.39,0.0,2.04,100.7,0.88,5.79,8.76,0.1
New York,2026-07-27 04:00:00+00:00,2,111.75,0.0,2.1,95.1,0.87,5.48,8.58,0.2
New York,2026-07-27 05:00:00+00:00,2,112.11,0.0,2.17,89.96,0.9,5.39,8.66,0.37
New York,2026-07-27 06:00:00+00:00,2,113.1,0.0,2.28,84.19,0.96,5.39,8.8,0.53
New York,2026-07-27 07:00:00+00:00,2,114.3,0.0,2.54,77.21,1.04,5.31,8.71,0.64
New York,2026-07-27 08:00:00+00:00,2,115.7,0.0,2.9,69.37,1.13,5.08,8.2,0.66
New York,2026-07-27 09:00:00+00:00,2,116.74,0.0,3.33,61.67,1.24,4.82,7.46,0.59
New York,2026-07-27 10:00:00+00:00,1,118.02,0.0,3.94,54.7,1.42,4.7,6.88,0.48
New York,2026-07-27 11:00:00+00:00,1,122.14,0.05,5.06,50.23,1.7,4.88,6.78,0.41
New York,2026-07-27 12:00:00+00:00,1,129.37,0.65,5.88,49.73,2.05,5.34,7.1,0.42
New York,2026-07-27 13:00:00+00:00,1,134.93,1.33,5.71,54.85,2.36,5.98,7.66,0.44
New York,2026-07-27 14:00:00+00:00,2,136.68,1.4,5.05,62.68,2.41,6.61,8.27,0.44
New York,2026-07-27 15:00:00+00:00,2,137.34,0.98,4.01,75.25,2.37,7.69,9.38,0.45
New York,2026-07-27 16:00:00+00:00,3,131.04,0.27,1.81,105.24,1.86,8.6,9.78,0.29
New York,2026-07-27 17:00:00+00:00,3,127.47,0.13,1.26,109.26,1.51,8.25,9.34,0.27
New York,2026-07-27 18:00:00+00:00,3,126.89,0.08,1.32,108.76,1.42,8.11,9.21,0.28
New York,2026-07-27 19:00:00+00:00,3,126.91,0.04,1.56,107.72,1.5,7.98,9.03,0.27
New York,2026-07-27 20:00:00+00:00,3,128.41,0.04,1.93,106.52,1.55,7.97,8.92,0.27
New York,2026-07-27 21:00:00+00:00,3,130.44,0.04,2.43,104.34,1.53,7.95,8.81,0.29
New York,2026-07-27 22:00:00+00:00,2,134.37,0.12,3.2,98.65,1.4,7.95,8.85,0.34
New York,2026-07-27 23:00:00+00:00,2,138.46,0.15,3.99,91.47,1.3,8.01,9.02,0.38
New York,2026-07-28 00:00:00+00:00,2,141.32,0.04,4.5,86.38,1.19,8.09,9.17,0.38
New York,2026-07-28 01:00:00+00:00,2,142.08,0.0,4.55,79.85,1.01,8.12,9.27,0.32
New York,2026-07-28 02:00:00+00:00,2,143.39,0.0,4.59,71.93,0.83,8.19,9.43,0.24
New York,2026-07-28 03:00:00+00:00,2,143.81,0.0,4.64,65.47,0.71,8.22,9.5,0.2
New York,2026-07-28 04:00:00+00:00,2,141.49,0.0,4.24,61.78,0.65,8.1,9.42,0.18
New York,2026-07-28 05:00:00+00:00,2,136.96,0.0,3.4,62.36,0.67,7.88,9.24,0.18
New York,2026-07-28 06:00:00+00:00,2,132.42,0.0,2.62,66.36,0.74,7.5,8.93,0.22
New York,2026-07-28 07:00:00+00:00,2,128.19,0.0,2.14,70.27,0.81,6.99,8.52,0.27
New York,2026-07-28 08:00:00+00:00,2,124.79,0.0,1.95,67.67,0.75,6.54,8.15,0.23
New York,2026-07-28 09:00:00+00:00,2,122.82,0.0,1.92,65.22,0.72,6.21,7.92,0.21
New York,2026-07-28 10:00:00+00:00,2,121.89,0.0,2.07,63.36,0.73,6.03,7.92,0.2
New York,2026-07-28 11:00:00+00:00,2,124.04,0.01,2.72,62.59,0.8,5.98,8.13,0.22
New York,2026-07-28 12:00:00+00:00,2,129.11,0.12,3.59,63.72,0.88,6.05,8.35,0.25
New York,2026-07-28 13:00:00+00:00,2,133.09,0.13,3.67,69.82,0.98,6.32,8.48,0.26
New York,2026-07-28 14:00:00+00:00,2,133.87,0.24,3.13,73.86,1.03,6.46,8.47,0.23
New York,2026-07-28 15:00:00+00:00,2,134.12,0.29,2.39,80.18,1.07,6.76,8.64,0.19
New York,2026-07-28 16:00:00+00:00,2,136.99,0.19,1.72,93.91,1.06,7.41,8.73,0.13
New York,2026-07-28 17:00:00+00:00,2,139.9,0.16,1.78,94.06,1.02,7.46,8.66,0.14
New York,2026-07-28 18:00:00+00:00,2,143.35,0.14,2.05,91.13,0.96,7.42,8.55,0.11
New York,2026-07-28 19:00:00+00:00,2,143.99,0.11,2.25,87.51,0.88,7.18,8.17,0.09
New York,2026-07-28 20:00:00+00:00,2,142.86,0.09,2.22,87.51,0.81,6.71,7.54,0.11
New York,2026-07-28 21:00:00+00:00,2,139.11,0.07,2.13,89.69,0.73,6.08,6.84,0.11
New York,2026-07-28 22:00:00+00:00,2,134.62,0.06,2.11,92.37,0.67,5.55,6.33,0.09
New York,2026-07-28 23:00:00+00:00,2,132.16,0.02,2.33,91.1,0.63,5.15,5.98,0.06
New York,2026-07-29 00:00:00+00:00,2,131.45,0.0,2.24,90.36,0.55,4.91,5.66,0.04
New York,2026-07-29 01:00:00+00:00,2,131.86,0.0,2.05,88.63,0.45,4.6,5.2,0.03
New York,2026-07-29 02:00:00+00:00,2,135.16,0.0,2.04,84.84,0.38,4.27,4.68,0.03
New York,2026-07-29 03:00:00+00:00,2,138.82,0.0,2.24,79.22,0.39,4.02,4.33,0.04
New York,2026-07-29 04:00:00+00:00,2,141.2,0.0,2.44,72.81,0.45,3.98,4.27,0.05
New York,2026-07-29 05:00:00+00:00,2,144.07,0.0,2.72,66.34,0.59,4.12,4.38,0.07
New York,2026-07-29 06:00:00+00:00,1,148.36,0.0,3.37,58.08,0.82,4.4,4.64,0.08
New York,2026-07-29 07:00:00+00:00,1,156.77,0.0,4.6,47.69,1.17,5.12,5.4,0.1
New York,2026-07-29 08:00:00+00:00,1,168.76,0.0,6.03,37.11,1.57,6.22,6.57,0.11
New York,2026-07-29 09:00:00+00:00,1,182.37,0.0,7.35,28.86,1.9,7.46,7.85,0.11
New York,2026-07-29 10:00:00+00:00,1,195.37,0.0,8.43,22.59,2.07,8.3,8.71,0.11
New York,2026-07-29 11:00:00+00:00,1,206.31,0.13,9.01,18.66,2.1,8.33,8.77,0.12
New York,2026-07-29 12:00:00+00:00,1,212.28,1.29,7.66,21.62,2.01,7.21,7.68,0.16
New York,2026-07-29 13:00:00+00:00,1,206.08,1.78,5.69,33.73,1.73,5.0,5.43,0.18
New York,2026-07-29 14:00:00+00:00,1,197.01,1.51,4.62,46.11,1.65,3.74,4.13,0.25
New York,2026-07-29 15:00:00+00:00,1,189.6,1.13,3.71,59.04,1.69,3.81,4.17,0.33
New York,2026-07-29 16:00:00+00:00,2,179.48,0.53,2.63,73.62,1.43,3.7,3.98,0.32
New York,2026-07-29 17:00:00+00:00,2,170.32,0.35,1.95,79.49,1.23,3.23,3.46,0.32
New York,2026-07-29 18:00:00+00:00,2,163.29,0.29,1.67,82.95,1.22,3.09,3.31,0.36
New York,2026-07-29 19:00:00+00:00,2,157.49,0.24,1.64,85.43,1.2,2.9,3.11,0.4
New York,2026-07-29 20:00:00+00:00,2,152.38,0.24,1.68,86.36,1.11,2.55,2.73,0.4
New York,2026-07-29 21:00:00+00:00,2,149.02,0.27,1.9,85.87,1.04,2.33,2.49,0.39
New York,2026-07-29 22:00:00+00:00,2,147.7,0.32,2.52,82.22,1.04,2.26,2.41,0.39
New York,2026-07-29 23:00:00+00:00,2,147.91,0.33,3.64,74.38,1.15,2.27,2.44,0.41
New York,2026-07-30 00:00:00+00:00,2,147.07,0.12,4.99,64.0,1.28,2.13,2.33,0.46
New York,2026-07-30 01:00:00+00:00,1,145.35,0.0,5.65,53.52,1.4,1.87,2.1,0.51
New York,2026-07-30 02:00:00+00:00,1,146.98,0.0,6.24,44.65,1.54,1.61,1.88,0.53
New York,2026-07-30 03:00:00+00:00,1,150.39,0.0,6.92,37.01,1.62,1.37,1.67,0.52
New York,2026-07-30 04:00:00+00:00,1,151.49,0.0,7.21,31.32,1.6,1.17,1.46,0.45
New York,2026-07-30 05:00:00+00:00,1,151.84,0.0,6.99,29.18,1.53,1.09,1.36,0.38
New York,2026-07-30 06:00:00+00:00,1,149.7,0.0,6.51,29.18,1.43,1.14,1.39,0.31
New York,2026-07-30 07:00:00+00:00,1,145.92,0.0,5.94,30.12,1.37,1.23,1.46,0.28
New York,2026-07-30 08:00:00+00:00,1,142.44,0.0,5.6,30.83,1.45,1.27,1.51,0.3
New York,2026-07-30 09:00:00+00:00,1,139.58,0.0,5.45,31.5,1.6,1.24,1.53,0.35
New York,2026-07-30 10:00:00+00:00,1,137.25,0.0,5.44,32.3,1.76,1.2,1.54,0.43
New York,2026-07-30 11:00:00+00:00,1,136.87,0.1,5.67,32.99,1.87,1.23,1.61,0.53
New York,2026-07-30 12:00:00+00:00,1,138.89,0.83,5.29,35.33,1.9,1.35,1.74,0.61
New York,2026-07-30 13:00:00+00:00,1,136.67,1.01,4.04,46.2,1.38,1.38,1.65,0.45
New York,2026-07-30 14:00:00+00:00,1,133.96,0.9,3.45,53.65,1.09,1.46,1.64,0.32
New York,2026-07-30 15:00:00+00:00,1,133.91,0.85,3.32,56.14,1.02,1.76,1.91,0.25
New York,2026-07-30 16:00:00+00:00,1,134.97,0.75,3.23,59.13,0.98,2.1,2.23,0.19
New York,2026-07-30 17:00:00+00:00,2,135.21,0.66,3.2,62.39,0.9,2.41,2.53,0.14
New York,2026-07-30 18:00:00+00:00,2,137.73,0.62,3.47,67.45,0.96,2.99,3.13,0.11
New York,2026-07-30 19:00:00+00:00,2,143.15,0.51,3.7,75.86,1.14,4.33,4.54,0.11
New York,2026-07-30 20:00:00+00:00,2,148.68,0.44,3.6,85.49,1.34,6.48,6.78,0.11
New York,2026-07-30 21:00:00+00:00,2,154.24,0.36,3.67,93.5,1.44,8.55,8.91,0.12
New York,2026-07-30 22:00:00+00:00,2,163.1,0.41,4.75,87.52,1.39,10.67,11.22,0.15
New York,2026-07-30 23:00:00+00:00,2,172.45,0.37,6.01,78.23,1.29,12.5,13.27,0.17
New York,2026-07-31 00:00:00+00:00,2,176.0,0.1,6.86,71.32,1.2,13.14,14.04,0.14
New York,2026-07-31 01:00:00+00:00,2,177.38,0.0,7.46,58.39,0.9,13.18,14.22,0.13
New York,2026-07-31 02:00:00+00:00,2,181.21,0.0,8.23,44.65,0.67,13.24,14.43,0.15
New York,2026-07-31 03:00:00+00:00,2,184.7,0.01,8.89,36.38,0.61,13.3,14.58,0.2
New York,2026-07-31 04:00:00+00:00,2,183.24,0.02,8.86,32.35,0.6,13.02,14.24,0.22
New York,2026-07-31 05:00:00+00:00,2,176.97,0.02,7.69,27.63,0.53,12.5,13.6,0.18
New York,2026-07-31 06:00:00+00:00,2,169.98,0.01,6.33,22.57,0.44,11.89,12.84,0.12
New York,2026-07-31 07:00:00+00:00,2,164.96,0.01,5.46,18.35,0.38,11.68,12.51,0.09
New York,2026-07-31 08:00:00+00:00,2,162.82,0.02,5.07,14.96,0.35,11.88,12.63,0.07
New York,2026-07-31 09:00:00+00:00,2,164.29,0.04,5.06,13.71,0.38,12.22,12.89,0.05
New York,2026-07-31 10:00:00+00:00,2,171.18,0.06,5.57,19.62,0.59,12.73,13.37,0.05
New York,2026-07-31 11:00:00+00:00,2,184.58,0.28,7.27,19.28,0.8,12.9,13.57,0.06
New York,2026-07-31 12:00:00+00:00,2,202.64,1.93,8.44,19.21,1.19,12.81,13.59,0.07
New York,2026-07-31 13:00:00+00:00,2,212.04,3.26,9.53,28.16,2.42,12.38,13.29,0.06
New York,2026-07-31 14:00:00+00:00,2,215.8,3.99,9.11,35.99,2.73,12.26,13.22,0.08
New York,2026-07-31 15:00:00+00:00,2,215.78,3.11,8.41,56.43,2.95,13.86,14.82,0.1
New York,2026-07-31 16:00:00+00:00,2,150.01,0.63,2.83,86.78,1.72,7.44,7.81,0.04
New York,2026-07-31 17:00:00+00:00,2,132.25,0.22,1.26,93.95,0.97,5.36,5.56,0.03
New York,2026-07-31 18:00:00+00:00,2,129.79,0.17,1.07,98.89,0.85,5.46,5.63,0.03
New York,2026-07-31 19:00:00+00:00,3,130.77,0.16,1.14,103.29,0.84,5.78,5.96,0.04
New York,2026-07-31 20:00:00+00:00,3,132.22,0.18,1.34,104.9,0.86,6.26,6.44,0.05
New York,2026-07-31 21:00:00+00:00,3,134.54,0.2,1.71,105.24,0.88,6.62,6.83,0.06
New York,2026-07-31 22:00:00+00:00,3,141.46,0.27,2.82,101.65,0.95,7.25,7.52,0.11
New York,2026-07-31 23:00:00+00:00,2,150.9,0.24,4.29,96.36,1.06,8.28,8.68,0.17
New York,2026-08-01 00:00:00+00:00,2,158.27,0.06,5.29,94.54,1.14,9.49,10.03,0.2
